text,diggCount
REPOTTTTTT YAALLAH REPOTTTTTTTT,83
KALI INI GW GA SEPAKAT,459
UNIV ANEEEH,28
MALAH NGREPOTI YEK,50
satpame kon kerjo sek,354
mls boros bensinnnn boros duitt,7
"looo lagunya pas ""buang buang waktu""",8
Dari dulu knp satpam nya ga pernah mau nyebrangin ya. Drpd cm diem di pos gt lho maksudnya apalagi di jam padat,202
"wangune iki mangkat bali kon jalan"" sek",0
tdi nyebrang ada satpam tp gamau nyebrangin??,43
"min benerin satpamnya jgn rutenya, ngabisin bensin muter”",54
ini kebijakan untuk apa sebenarnya? sangat tidak bijak,55
satpam UNY hanya melayani karyawan dan dosen...upsi,52
hah apasih gajelas bgt kebijakannya,40
"daripada meminta satpam membantu menyeberangkan, uny memilih merubah alur masuk dan keluar, nice uny????",35
"kebijakan yang tidak bijak, hanya mementingkan ego sendiri ??",81
"kebijakan apa la ini merugikan mahasiswa sama pekerja di kampus aja, ga guna banget",72
"Kalo rumahnya ke arah barat, terus harus ke timur dulu? Aneh! Kebijakan yg tidak bijak.",728
bukannya evaluasi satpamnya malah ngubah peraturan lawakk..,1113
"ealahhh fakultas mek geser sitik seko ringroad kok dikon geser terus tekan rektorat, pemerintah tolong tegur univ ini dong karena gak menerapkan efisiensi bahan bakar hehehe",327
moh,36
HAPUS PERATURAN INI PLS! NYUSAHIN BGTTTT!,21
RIBET.,12
"dih ngatur jalan, polisi emangnya?",24
ribet.,22
peraturan ga worth it. kebijakan yg merugikan pengguna. dampak negatif lebih banyak drpd positifnya. apa maksud dan tujuannya? gunanya apa?,18
"mending satpam depan rektorat suruh kerja, masa di depan rektorat macet mahasiswa pada nyebrang gak dibantu, bukannya hemat energi, tapi mutar muter ngabisin bensin, udah tau rektorat di belokan dan jalan raya umum, selain merepotkan mahasiswa, masyarakat umum juga jadi terganggu",30
kebijakan ter ANEH,6
"evaluasi tuh keamanan nya, tahun 2022 saya kehilangan helm, gada perbaikan soal sistem keamanan atau gimana sampe ada kehilangan kendaraan itu gimana ya? malah dibuat akses jalan yang menyusahkan orang sekarang, aneh",27
"ini maksudnya nyuruh pindah arah kos sm rumah kah?? ga boleh aja semua bukan menghemat bensin bikin boros aja, kmrn brngkat siang satpamnya lagi duduk ngopi tu keknya",14
jujur ribet,479
"BIAR APA SIIII, mending pake sistem scan ktm",1531
"[Sticker] ft ga ikutan, kita beda klaster",425
"ribet marai telat, cmn dr gejayan mau ke feb kok ndadak lewat rektorat",791
"So confusing, I didn't think it would be effective... cuz if the student have to go to students center etc they have to go through the main gate and it'll be much further than opening the gate like usual... just my opinion guys, don't attack me??",43
"nyeleweng aturan pemerintah, yg katanya suruh hemat bbm malah suruh muter”, kos cuma belakang ft, mau ke feb aja garus lewat gerbang depan, efektif enggak, efisien juga enggak",50
ribett tottt,101
"ishh sengaja nyari kost daerah gejayan biar deket ke gang guru fisip, malah di puter lewat kembara ??",0
"plis ribet bgt.. fungsi dibuat banyak jebolan jalan kan seharusnya utk mempermudah dan mempersingkat waktu dosen/mahasiswa buat ke antar fakultas ??
skrg malah banyak yg ditutup lah gimana,, dosen aja pernah ada yg bingung dan kesusahan karena beliau pakai mobil jadi ribet makan banyak waktu pas mau ganti jadwal perkuliahan di beda fakultas",39
"RIBETTTT!!! noh pemerintah tercinta nyuruh buat hemat bensin, ini malah disuruh boros boros bensin. PP udah 20km ngelewatin 6 lampu merah ditambah tambahin lagi ama acara trial ini",267
RIBETTTTTTTTTT,5
[Sticker] balikkan rute yg lamaa,89
#NAME?,8
FMIPA jalan sekecil itu ??,0
ribet min,34
jane aku mbo kon lewat ngendi iki mas,56
satpam e kui dibenerke,83
CCTV sekalian benerin min secepatnyaa,28
"ribet bngtt. bikin makin lama otw nya. boros energi, katanya lagi efisiensi ? gaada solusi lain yg lbih efektif apa ya",115
satpam nya klo siang ga mau nyebrangin??,23
"Yg fakultas FBSB, FT, FIK lewat pintu gerbang masing˛ ??",79
fip thawaf,7
nyebelin,5
gajelas rutenya,39
"ribet + bikin telat + ga efisien waktu + boros bensin. Kasiann fakultas yang dibelakangg yang biasanya lewat gang guru, tapi malah harus muter˛ dulu ke rektorat. Kalau bikin kebijakan dipikirin dulu nggih??????",12
iki kon kuliah opo kon touring,8
mumettt,5
"ribet bgt udahmah fakultas di belakang, harus ke depan dulu hadeeeeeh",16
marakke repot kang,5
ribet kasian yg naik ojol. (gw),18
"jump boat, tak kiro gerbang fmipa bukak, jebul digae buntu??, rep ning kopma lewat rektorat",0
[Sticker] fbsb be like; santai aja kli,26
ka klo ft lewat nya gerbang depan atau bisa lewat gerbang di ft nya? gatau plis mau survei utbk ????,5
"Wis paling penak jelas FIK, karna dijalan utama. FIK jaya jaya jaya ??, sini ngumpul alumni FIK ????",11
"mboh, ws mumet skripsi ditambah mumet rute labirin ??",11
mubeng mubeng,5
[Sticker] FBSB BE LIKE,28
aneh bgt njir ga efisien lagi,5
Aku lewat fmipa boleh ga sii wkwk biar tinggal lurus aja ke fip dri karang malang??????,1
anak saya besok UTBK tesnya di lab dream FBSB masuknya dari mana ya,0
setau saya dari gerbang utama FBSBnya kak,1
ft santai ????,83
Ahahhaha milih ngekos di mrican/ g guru biar deket. Meanwhile muter ke rektorat dulu??,4
anak fikk harus muter dulu ke fbsb,5
"wkwkw lucu bgt, konvoi kah??",1
[Sticker] Ya Allah ini nanti ku survey pmd feb harus lewat rektorat jugakah?,1
"Pengen juga keliling kampus, tapi aku ft??",7
bayangin anak fisipol berangkat mepet biasanya lewat gang guru sekarang harus tawaf kampus dulu lewat colombo ????,9
tp seru kampusnya luas drpd seuprit doang udah nyampe kelas,0
kamis kemarin??,0
"seru bngtt, di isdb ya itu?",0
UNTUNG UDAH LULUS WEHHHHHHH,11
[Sticker] fh ga muter”,0
nggih,1
Bagaimanapun saya ortu tetap acungkan ?? buat UNY.Anak saya no 3 Sastra Inggris di UNY.Terobosan setelah kakak2nya rata2 kuliah di kidul Galeria yg sdh nggak terkejar dengan keadaan ekonomi kami. #curhatorangtua.,0
[Sticker] Ft,1
kakk doain lolos uny ya????,4
"aamiinn, ditunggu yaa ??",1
"omg untung gue dh lulus, smgt deh klean wkwk sakses. Dulu dr gedung lab mipa ke D03 aja gue ngeluh˛ APALAGI SKRGG wkwkw gws yh dik",0
[Sticker] tarian kebijakan baru,3
kek mo konvoi,4
wkwkwk repottt??????,0
FBSB SERAME INI JG JIRRR????????,1
aslilah ribet,0
labirin ????????????????,0
ges kalo mo ke kolam lewat mana dah,0
haha vokasi aman aja,3
"pemerintah menggalakkan hemat energi termasuk bbm dan gas...ini mau ketempat yg tinggal lurus saja,mesti muter2 dl????",0
[Sticker] semangatt tawaf nya kakak kakak pusatt,5
Untung ft,1
gerbang yg langsung ke fip juga ditutup kah?,3
iyaa kakk,0
"bisa dibayangkan besok hari pertama kuliah smt baru, ada maba ??????",4427
mungkin rektor di rektorat ingin menyapa rakyat kecilnya makanya diarahin ke rektorat semua,3875
????????,85
[Sticker] tawaf setiap pagi ka,305
wkwkkw ini mah telat satu telat semua????,114
BENEEERRRR,2
"maba nanya kating, kating jg bingung",416
"Aku lagi cari partner untuk tim promosiii, untuk umur 19 - 25thn. Aku lagi bangun komunitas bisnis di Jogja, ada pengembangan skill nya, di ajari cara promosi nya, ada Income side nya jugaa 500k/minggu. Boleh dm akuuu yaa guyssss",0
[Sticker] ft be like,36
[Sticker] FBSB yg harmonis mendadak berubah jd jalan raya,961
fbsb rasa ringroad,10
"[Sticker] DEMIII NYEBELIN BGTTT dari ditutup awal aja udh janggal, trs masa hari ini pulang dari gedung terpadu harus muter ke belakang hotel uny,mipa,fisip,fip PADAHAL TINGGAL BELOK KANAN KE REKTORAT",14
FBSB seintrovert itu tidak siap dengan lalu lalang motor fakultas lain??,331
"[Sticker] niat hati ngekost deket fakultas biar deket, malah muter lewat depan",270
BENEEERRRR,0
supporteran ta iki,15
????????,0
"fmipa jadi macet, udah jalan fmipa kecil manusianya jadi banyak banget. huft",24
[Sticker] yg telat tambah telat,76
"kirain macet di Jakarta, ternyata di UNY, wkw",1
"MAU NGERASAIN JUGAAA, PLISS UNY CINTAKUUU KALI INI DITERIMA YA????",23
kampus seuprit jalannya rumit,322
2 kata lucu rektorat macet?? kak pindah ft ajaa??,588
mauuu ????,27
ft santuy??,6
kaa lucuu banget rameann gituu,63
[Sticker] FBSB be like,42
[Sticker] fbsb sm ft be like:,305
lagi sunmori ya kak???,11
[Sticker] Kak ga mau naik kucing aja?,6
izin telat karna kesasar????,9
"untung udah lulus, makin ke sini UNY makin nyusahin ya ??",27
estimasi keterlambatan 50mnt,12
Alhamdulillah udah ga ada kelas lagi,7
[Sticker] fbsb santai,10
wegah,1
rewel,2
ribet blok,0
ribet,1
"min mau usul, gimana kalo kapan kapan uny tour, sama tunjukin ruang utbk di uny sama gimana cara masuk ke ruang utbk di seluruh sesuai jalur panduan utbk. aku rasa agit tertarik deh sama konten kayak gini hehe",3
ribet ah,3
penak ft,3
Tiap pulang kerja (sy kerja di plaza uny) keluar rektorat belok kiri pasti ada mobil parkir br beli buah jd tersendat arus lalin disitu ada solusi gk min?,4
kebijakan tidak sebaik slogan kampus UNY,31
BIAR APAAAAAAWW GW TANYA,1
eval eval,2
Jd mls masuk kampus klo gini????,3
"terus gmn ya kalo rumah dari timur, harus muter dulu?",1
"aku naik gojek dr hotel ke Uny, aku bilang di aula uny , eh mang gojek nya gak tau , aku pun jg gak tau dimana , diajak muter˛ dlu masuk lewat belakang tanya org˛, ternyata letak nya didepan ??",1
"sekarang gini deh min, kalo rumahnya dari Baleyasa, amplas apa harus muter muter dulu? dari waktu aja dah ga efisien. Kenapa ga ngasih jadwal satpam buat nyebrangin di jam jam sibuk masuk kuliah?",9
ruwet bundet,11
"males min, ribet",1
emoh aku emoh,7
alah mboh mumet,4
MUMETTT,0
ONOO WAE GEBRAKAN E,0
STRESS STRESSS,0
"makin ga jelas kebijakannya, bikin repot",2
minimal maksimal,5
GAHHH,0
ANEH AHHH,3
RUWET,3
setuju.,0
SETUJU,0
njir,0
SETUJU,0
SETUJU,0
makin hari makin makin,0
"Panas kak capekkkk, enak di pos ????",14
"contoh kek satpam ugm tuh, selalu nyebrangin jam berangkat/pulang kerja",4
Haha iya lagi,0
nyebarangin ga masuk jobdesk satpam kali... ato gaji satpam kurang...,0
se7,5
"layo kan kak,dibayar tok wkwk",2
sepakat,0
satpam e klh cepet kro kang parkir mie ayam ngasian??,0
"kan kemarin udah bikin percobaan terus hasilnya pada ga setuju, lah ini kok dilanjutin?",8
[Sticker] Plenger final bos,0
SETUJUUUUUU,0
wkwk,0
"@??ARA:ih iya kaaakk ak jg kehilangan helm di parkiran FEB, parkirannya deket POS SATPAM ak mintai solusi NOL bgt ada cctv katanya cctv itu MATI??! mana helm ku lumayan weh buat ak yg mahasiswa",0
"aku kehilangan di FBSB waktu itu, tanya penjaga parkir lempar sana sini, malah keluar kata-kata ""disini udah biasa ilang helm, soalnya bilang helm temen..."" lah, ya mau alasan helm temen juga tetep aja jangan gampang dilolosin gitu aneh wkwk. terus ke satpam nanya solusi, disuruh cari ke pasar klitikan, mana ga ada cctv waktu itu. baru ada cctv setelah beberapa bulan kejadian, itupun ga berguna banget, karena ya masalah utama itu di efektivitas keamanan secara keseluruhannya gimana, termasuk kinerja petugas keamanan, kebukti juga kan ada cctv aja masih terus kecolongan, bahkan sampe kendaraan yg ilang wkwk",0
Suruh puter balik gitu? Masuk di akal aja engga,59
mungkin disuruh pindah rumah kak??,13
"yakan, sebel banget??",3
"Kebijakan goblok mas, buang-buang bensin",1
?? @?theelaaaaaak????,0
"ah mbuh ra ngurus tak trabas, ngrepoti tnn",4
"setuju kak, bukannya menerapkan efisiensi malah tiap kmn"" udh kayak kampus tour??",20
"yapss, sm aja tiap jumat wfh tp tiap ngampus kudu muter2 sek??",2
@jiseokcimahi @Fiore Eabaq ??,0
tergajelas tahun 2026,0
cen ramutu,0
IYA LGII,0
"colombo juga jadi macet, yg katanya ditutup biar ga macet",2
"pertimbangin lg deh klo mau aturan, kita disini juga bayar, mau fasilitas yg nyaman, bukan malah jdi ribet",2
baik akan kami evaluasi bersama bapak rektor @RavQ ????,0
terimakasih atas masukan yang diberikan mas yosse????,0
"UNY sejak lama menghadapi permasalahan dalam proses penerimaan mahasiswa baru, di mana terdapat anggapan bahwa calon mahasiswa yang membayar sumbangan dengan nominal lebih tinggi memiliki peluang lebih besar untuk diterima.",0
hoo ye?????,0
polllll,1
tak upn ae bolo,1
kei bangjo ae sesuk per fakultas,1
"ada motor ilang, ini salah satu upaya nya biar org ga sembarangan msuk",67
"perbaiki kualitas satpam, bukan yang ditanya malah sewot, seakan akan ini ngga memperbaiki kualitas satpam padahal jelas-jelas itu kelalaian satpam dan erornya cctv",522
"iyaa lagi, satpam di depan itu cmn formalitas pagi, nanti klo dh siang udh ga ada pdhl butuh orng yang nyebrangin anjirr, mana rame tuh siang- sore",93
Setujuuu,0
@vyxxxaa_ @ollaraazaaaa @fey,0
setuju aldi ??,0
ke kampus cuma kepleset ya..,0
wkwkw satpam fbsb bgt tuh ??,2
"setuju, apa fungsi nya ngisi emonev kalo banyak dari kita keluhan nya sama? apa cuma formalitas buat kampus? udah deh pembangunan nya nanti dulu, benerin dulu cctv, kalo bisa transparan bisa di akses pake siakad biar kita ngga curiga kalo ini salah satu sindikat.",69
"stuju bgtt HAHA???? satp nya ga bner jir kerja nya, ga nyebrangin yg di grbng dpan, pdhl aku liat bnyk bngt yg di pos nya tpi malah pd jagongan sndiri2?? emg sih yg hrus di perbaiki satpam nya",72
isunya satpam yg berumur bkln dirombak alias diganti,4
truss ntar permasalahan ganti gara gara macet + mesin error aowkwowkw,60
"IYA PLS, BINGUNG KMN"" HARUS MUTER",7
stuju,2
ojo mbk ktmku ilang,0
NAHHH,0
"loh uny ada kemalingan juga jir? upn juga ada btw, sekarang harus bawa stnk kalo mau keluar masuk??",0
serius stnk ka?????????,0
"tp masih bebas, org org ga lama bakal paham pola alur nya. kl mau org ga sembarang masuk ya pake sistem tap ktm buat parkir sm perbaiki satpam nya",0
"iya kak isunya sem depan pke ktm, dan satpamnya bkln dirombak",0
ehh utbk kah? aku mahasiswa????,9
"ADUH MALUNYAA, MAAF KAKKK ????????????",1
"berangkat lebih pagi, jangan kebo lu makanya",0
"mbk, semangatt yach ????",0
"raa, ih malu??",0
??????????,0
????,0
"minimal satpam suruh kerja, nyebrangin kek gacuma marahin mahasiswa yang salah jalan wkwkw",221
gapapa rutenya jauh tp minimal. nyebrangin yakan????,39
ASLI NGAWUR,5
BENER BANGET. pas nyebrang pun satpamnya pada ke mana? gak ada tu????????????,1
Efisiensi sdm katanyaaa wkwk,0
Wkwkwk,0
Wkwkwk kacau emang kak,0
@4cell?? @cill @user,0
lewat atas aja kita,0
haha kak tau sendiri dari dulu uny anti kritik apalagi birokrasinya,2
"Iya anjir emosi gue, mah ngebela satpam",0
????,0
kan bentar lg lulus,1
setuju??,0
MP yo thawaf,1
anak saya UTBK dapat di lab dream FBSB..lewat mana ya...??,0
"gedung apa kak? kalau nama gedung nya ki ageng suryo, masuk dari gerbang utama belok kanan sampe ketemu gedung ws rendra belok kiri ikutin jalan",1
"kak saya juga dream lab fbsb tgl 24, boleh tmnan sm anaknya?",0
anak saya cowok... pagi atau siang.. anak saya pagi...,0
"saya tgl 24 sesi 1 kak, saya tdi sudah survei smpe depan ruangan juga, anaknya sudah masuk grup?",0
belum ada grupnya kah,0
"ada kak, dari day 1-terakhir, mlah ad yg seruangan jg",0
"bisa minta grupnya apa, biar nanti anaknya masuk",0
https://chat.whatsapp.com/KRRCvUBWEmR6fsjNWuJmGR?mode=gi_t coba kak bisa ga,0
betuls ????,0
fik wajib lewat fbsb??,4
fbsb juga wkwkkw,53
ft diluar labirin wkwk??,29
tapi ft jd penyebab rute baru ini,16
hah? gmn tu mkstnya,0
ft 2 kali kemalingan motor,5
"gerbang banyak ditutup trs dibikin rute baru gegara kasus kehilangan motor di ft, tapi yg nyuri bukan orang uny. trs pas ditelusuri, pelaku bukan lewat karmal, tp lewat jalanan kampus dalem. makanya dibuat rute baru",21
fik nyimak,0
podo ae lek,1
"tapi area belakang ada pembangunan tempat parkir di selatan aula badminton, jadi kalo masuk dari gerbang selatan ga bisa ke depan arah kplt (kecuali nrabas lewat taman media)",1
kalo ke ft lewat nya mana ya kak..... aku utbk disana dan ga dibolehin survey sama bunda soalnya jauh bolak balik... trs katanya jg gaboleh ya survey pas utbk udah dimulai???,0
"langsung masuk ke gerbang ft ya gerbang utara. boleh ko, tapi emang gabisa sampe ruangannya kalo utbk nya udh mulai, at least kamu tau gedungnya dmn. kmu dapet di lab apa emng?",0
lab PTEI kak,0
vokasi bukan beda klaster lg kak????,0
daymnnn,0
"yg fv mau ke feb aja ngemaps, itu juga nyasar dulu[cry]",0
sama g?,0
[Sticker] kita langsung masuk aja menn,0
tawaf dlu dong,0
mabur ta,1
selak telat,0
untung gw fbs??,0
lab fmipa mesti muter njoyy??,0
????,0
reall,1
sing sabar,0
[Sticker] fbsb,4
ngrepoti,7
tawaf cik,2
dari fip mau ke tamkul aja harus muter'??????,8
biar apasikkk??! gw anak fisip jadi telat gara2 harus muter,6
mau ke gor uny aja bikin pusing jalannya,0
"ga menyelesaikan masalah, mung tambah ribet tok",4
dari samirono mau ke FMIPA muter juga??,5
posisi awalan bagong mas ??,3
selamat ber tawaf,4
BENCII,2
raceto,2
cape muter muter,4
ruwet angel,1
REPOTTTT,3
intinya muter muter,2
ribett untung dh luluusss??,4
Cocok nggo durasi strava,1
"kalo rumahnya kebarat, tp harus ke timur dan muter agak jauh bisa reimburse bensin ga",4
btw semua ojol aku protes krn gd info + mereka ngeluarin bensin lebih banyak padahal tarifnya sama aja,4
[Sticker] apalah kampus gw ini,8
untung sekarang aku jalan kaki ke kampus.. jd bisa masuk dari plaza uny??,4
"Minimal kalau aksesnya keluar masuk nya itu gerbang utama di sediakan satpam buat nyebrangin jalan, mana panas terus nunggu macet lagi",4
APA DEH MUTER MUTER ??,4
gajelas bgt anjir,3
kalian komen kayanya juga gabakal didenger,4
Fungsi?,6
ealah pie jane,6
RIBET,3
GAMAU,1
kebijakan yang diuji coba dan hasilnya jelek malah dilanjutkan. Mantap,4
satpamnya dievaluasi dong,2
"GAK EFISIEN PLIS, GERBANG GERBANG TU BUKA AJA IH",5
lngsung ke ft kak,0
kenapa e nes????,0
"bnyak maling dev, tpi solusine ga masuk blas malah ribetii hruse yg dibnerke satpam e ga mung duduk2 tokk",1
fikk juga suruh muter lewat fbsb kak,11
Dia belum tau kak kalau ternyata ditutup juga,5
Waduhhhh ??,0
makin macett plsss ??,2
aamiinn! ditunggu yaaa ??,1
konvoi gitu ya sistemnya?,9
"tiap harii konvoi depan rektoran, bahkan dulu aja bisa diitung berapa kali lewat depan, ini malah tiap hari??",8
vibesnya kaya acara sebe nyeni??,2
gak suka.,4
"tadi gw hampir telat ikut uts anjg gara"" muter"" dulu bangke lah??",1
[Sticker] aku pun milih jalan kaki drpd ikut konvoi dpn rektorat,3
thanks uny berkat ini aku jd bisa muter2 dan tau depan fikk kaya gimana,3
Tawaf rektorat,3
kurang ajarrr ??????,2
semangat kakak??,1
makasih mom ??,0
kak kok malah konvoi??,3
rilll coyy anak FMIPA aja cuma mau ke lab harus muterrr rektorat dl??,3
gabisa gaa si kak gerbang nya dirantai,0
"Aku bisa minggu kmrn kak, gerbang depan fmipa ga ditutup soalnyaa????",0
"iya minggu kemarin masih bisa ka, tapi per hari ini gerbang depan fmipa udah ditutup",0
alasan harus lewat depan apa yaa kak? soalnya aku udh 4 bulan gapernah kekampus wkwk,0
hotel uny enjoyyy dluu ??,0
itu masuk ya dari mana ya... yang lampu merah belok kanan itu atau bukan?,0
di perempatan dekat taman kearifan UGM kak,0
iyaa betul Deket gedung biru ugm Deket lembah UGM jg nnti ada pintu masuk tulisannya FBSB warna ungu,0
halo bosku,1
[Sticker] ,0
qhaqha adakah denah fbsb sebelah mana?,0
,1
tapi ya nek meh nng ngarep muter Wes biasalahhhhh ??,0
"Ahahahahha, kanpus tour",0
teknik aman kok nid rausah liwat ngarep??,0
Woii fbsb rame bener yg lewatt??,2
jahaha ketemu komen mu,0
dalane di pek dewe ??,7
mari join jd anak efteh,1
fbsb punn????????,6
ka klo ft lewat gerbang depan atau di gerbang pintu masung yang langsung ke ft? mau surveii,0
lewat pintu masuk gerbang ft depan yaaa (tulisan fakultas teknik),0
oke ka makasi banyak ya,1
"2 ka, depan belakang",1
yg belakang tu yg mana ya?,0
deket fisip ma feb,0
gang guru ya kak? aku utbk di limuny masih agak bingung,0
"iyaaaa, di gang guru",1
ada 2,1
[Sticker] ,0
kalo pmd ngga lewat rektorat,1
Iya kak Alhamdulillah nyampe,0
semangat utbk nya!!,0
yukkk lewat fbs,1
untung jamane akdw maba ra ko ngene wkwkw,0
wkwkwkkw rillll mah ko arep tawuran??,0
bensin gua woi??,0
btw smangat y kak uny mmg selalu ada gebrakannya??,2
wkwkwk,0
"aamiin ya Allah, makasii kak",0
"Lampu merah macet, melbu kampus macet JANNN RUWETT",17
[Sticker] FBSB seintrovert itu dipaksa ekstrovert,5
mau pulang dari fmipa aja kudu muterin fbsb dulu??,7
Untung aku udah lulus ?? kebayang dulu kalo jalannya begini telat muluk wkwk,8
gasuka gasukaa,5
plss lucu bangett ??,5
"harusnya kasih lampu merah sekalian min biar bs saling senyum, salam, sapa ??",0
Tawaf ????,1
penak ft raresiko??,3
konvoi,2
karnaval tah,3
??????,0
Walau agak mumet krna kita harus tawaf UNY dulu jgn lupa mampir ke Bayleaf di Foodcourt UNY ya ???? parkirannya sebelah foodcourt kok,0
"fbsb tiba' jadi rute konvoi, rame banget????",4
bimbingan skripsi ndadak thawaf UNY sek??,0
GWS??,1
day one tawaf uny??,1
Ft nyimak bolooo????,2
sumpah kesel banget mau keluar kampus mesti muter” dlu njir ??,2
"kalo mau di ada in kek gini minimal ada transportasi kampus dong, masak transportasi pribadi di susahin masuk nya. up????",4
[Sticker] the flash uny,0
[Sticker] FT gaya bebas,1
halah mumetttt,0
Acak lur,1
untung uny cabang wates????,2
rute fmipa dibenerin lagi coba min. masa mau pindah ke lab harus muter kampus dulu? mana labnya ujung,4
kurang efektif di tengah penghematan bbm,3
Alusss,1
apaan dah,0
beda sak iki rutene,0
kampus siapa sih kak yg ribet gini??,0
hmmm kampus ini lagi??????,0
konsep e kampus tour ben mhs ngerti lingkungan kampus,0
@Faez,0
@UNY Yogyakarta Semua jalan milik Allah ????,1
AWOKWOWKWK,1
NYAUT AJA LUUUU masa dri ws mau ke kantin aja perlu nyebrang ????,0
ak liat di vt lain iyaa harus nyebrang dluu Krn rame bgt untung ak dah luluss??,0
iyaa kak huhuhu ak sbg anak fbsb merasakan ??,0
masuk lewat Gerbang FBSB,0
masuk lewat parkiran plaza?,0
masuk lewat rektorat kaak,0
wkwkkw vokasi gunkid hadirr,0
malah jadi macet njir,3
mau kelas harus tour kampus dulu bjir????,2
[Sticker] ft ngliat anak depan,3
barangkali jodohmu terselip disepanjang jalan itu????,2
ini sampe kapan pls,1
"kurang tau kaa, tpi katanya simulasinya tuh seminggu",0
ribet bgt anjir,2
untung ak ft????,2
[Sticker] sialan tiap pagi kudu begini??,3
anjrittt males bgt??,184
kayak ga pernah jadi mana aja kak,80
"justru karena pernah ngrasain maba, bingung nyari gedung. coba bayangin ada maba pake google maps terus diarahin lewat utara yang ditutup wqwq, dah paling bener jadi anak FT aja",175
"sekolah vokasi bilek??
ez inimah",2
tambah macet??,11
fv ga macet kok,1
beda gedung kak??,1
seru za fbsb,3
[Sticker] ft ma fbsb aman siii,5
[Sticker] ,0
[Sticker] ,0
@ayyakk MACETT,1
OHHH TIDAKK,1
"emosi mendidih?? jujur tdi aku sempet doa ya Allah siapapun pencetus ide ini wallahi dia zolim dah mempersulit org mau nuntut ilmu????????????
soalnya aku kelupaan jdi harus muter balik",1
terus parkir di kopma. terus dimarahin sama satpamnya ????????,0
ya allah semoga aku wes lulus??,0
??aamiin,0
@naa?? gkuat pasti nnti macet,0
???????,0
"wkwkwk, di suruh roomtour dulu sebelum ke fakultas????",0
di belakang kan,0
"gak ngotak, untung udah lulus?????? tapi sebelum sistem tutup gerbang ini pun aku udah bingung masuk unyeh beda ama dulu, takut banget masuk lewat rektorat keluar ga tau kemana????",0
raiso mbalap”??,1
ga cocok mbek aku sek mangkat mepet??,0
"rill podo kak, kudune iso pass malah saiki luwih 10 menit??",0
lumayan wi keno nggo mlaku parkiran kelas????,0
"telat bareng"" kak??",0
WKWKKWKWKWKW LIK,0
gua yang lihat rektor sekali sebulan bilek??,19
liat rektor pas pkkmb sama wisuda doang,16
apsti vokasi??,1
RILL SKRG SMT 2 BARU LIAT REKTOR PAS DI GOR DOANG PKKMB??,1
@accidentallycha ??,0
Ga pernh tengok pun ??,1
ga keliatan tuhh,0
@?? @certified yapper ??,0
bener emang pengen menyapa rakyat nya,0
Wkwk melu bimbingan wae mb ??????,0
@aylazzhrr,0
nyapa opo yahh??,0
@kayinna @?????????????????? @nadyne?? ??,0
@nestlé @aish_ @melii??,0
mls,0
@naylaaa ??,0
ngakak ????????,0
"@one ini kita warga kampus ungu harus seneng apa sedih ya, gara"" ga disapa pak rektor?",0
KAK?!?!? ??????,0
@0% nihh rektormu??,0
waduhhh yunkkk,1
Fbsb kan ga lewat situ… kan gerbang utamanya kga di sono. Lewat lembah,0
"fbsb, lab fmipa, sama fikk kalo keluar harus muterin fbsb dulu kakk",23
"Muterin fbsb nya bener, tapi kan ga perlu lewat gerbang utama rektorat ?? jujur kesel harus tawaf dlu",3
"tp ttp rame kak, sebel gabisa kuliah dg tenang krna suara motor2 lewat terus",0
"kak sumpah mampir ke fbs deh, fbs yang ramah pejalan kaki aja sekarang cuma ganti gedung serasa nyebrang di jalan raya. ini bukan masalah muter lagi tapi fbsb jadi beneran ga harmonis?? yang biasanya rame karna gamelan, latihan nari, anak musik, teater, sekarang malah ramenya suara motor, mana tadi ada yang knalpot nya berisik",2
kak bener banget. kami anak s2 yang kuliah sampe mepet maghrib tiap sore kelasnya malah kebisingan sama suara motor lalu lalang pulang kampus??,0
FBSB itu yg paling belakang kan gedungnya kak?,0
"iya lagii, sbg pejalan kaki yg biasanya jalan tenang skrg hrs minggir’ dlu krna banyak motor’ lewat??memulai kehidupan baru di fbsb????",81
asli??????,0
maaf kak fbsb di serbu anak fikk,38
[Sticker] dri ranggawarsita ke WS rendra skrg aj skrg nyebrang ancrit,26
nyebrang serasa di jalan raya??,5
Lab FMIPA juga kak????,2
"HAAHAHA IYA BANGET, CAPEK GW RAME",1
"iyaa lagi, jadi rame bgt?????",1
ASLIII TADI RAME BNGT AKHHH ????????????????,2
jadi malas kuliah,0
gausah kuliah kak,0
IYA IH??????,1
"iya jir biasanya jalan kaki di timur ws tentram, skrg harus jalan dipinggir biar ga ketabrak??",0
emg skrg lewat mana kak yg fbs?,0
"iya njirr, tapi gapapa karena ganteng ganteng wkwk ??",0
"IYA IH JADI RAME, masa dr ws mau kekantin harus nyebrang dulu??",0
"kak, aku sebagai warga MIPA pun menggerutu sepanjang jalan MIPA-FIKK-FBSB ??bisa terbang mending terbang gw mah",0
fbsb diserang fikk?????,0
WKWKWKWKWKWKWKWKWKWK,0
WKWKWK,0
NGAKAK BGT??,9
towaf dulu kak haha,0
ini iya bangettt????,0
WKAOWKAOWKAOAK,0
@vyxxxaa_ @kim's @Sava sehat sehat yg dkt kost,0
uny tak pindah ngarep omahku wae piye,0
"wkwkw iya lagi, dah paling bener jalan kaki aja kak ngga muter muter bisa lewat nyempil˛ ??",1
pengen balik karmal jalan kaki wae,0
anu kak maaf lancang ada info kost nggakk aku maba tahun inii ????,0
kating hrs tau smua pkonya,9
Alumni tambah bingung????,8
"aowkaowk relate, nanya gedung admisi pun dia bingung",0
"Menurut saya, penutupan akses jalan keluar-masuk kendaraan di area UNY sebaiknya dipertimbangkan kembali. Karena bagi sebagian mahasiswa dan masyarakat sekitar, akses tersebut cukup membantu mobilitas sehari-hari. Mungkin pihak kampus bisa mencari solusi lain yang tetap menjaga ketertiban tanpa terlalu menyulitkan pengguna jalan. Semoga ke depannya ada kebijakan yang lebih nyaman untuk semua pihak.",1
mempersulit mahasiswa untuk akses dan juga bukanya efesiensi malah bensin makin boros harus putar dulu kalo mau pulang,0
alumni menyimak ??,0
"katanya mau hemat BBM, yg ada keburu bensin abis blm sampe kelas??",0
kurang memberi manfaat....,0
editornya bagus ibj,0
ada pom mini gak didalem?,0
[Sticker] FT :,0
ngruweti,0
mudik yee bang,0
aish pusing,0
tinggal minta kaka gw jelasin????,0
buset alus bgt tuh transisi,0
bukannya perbaiki sistem keamanan malah main rute rute ribet hadeh,0
untung aku wes lulus,0
SEBEL IH,0
ribet,0
klo mau ke TIK gimana? besok mau nganter tes utbk,0
terima gw biar bisa kaya gini,0
konvoi,2
dia lagi,1
knp si…,1
"FMIPA dri gedung D02 ke D03 berasa nyebrang trs yak, tkut ditabrak motor. ruang kuliah ke lab juga nyebrang. emng FMIPA se beda benua itu ya??",1
"FRRRR, MAU NYEBRANG GEDUNG AJA TAKUT BGT",0
disuruh ngehirup polusi -_-,1
[Sticker] fbsb :,3
Idol??,0
kowe idolaku mas,0
fbsb kebrebekan bos,5
aman sentosa to,0
??????,0
"fbsb aj yg belakang skrg ditutup, harua muter ke kuningan",9
fh lewat samping wkwkw,6
tak parkir FH yh besok kak??,0
Fh tetep lewat ft kan?,0
"engga, lewat samping yg gang felix maju lagi ntar ada gerbang",0
selow aja gk si ??,0
wkwkw ??,0
[Sticker] shell.. ??????,1
wkwk real,0
"wkwkwkw, FBSB aja di jadiin jalan raya buat anak anak FIKK sama FMIPA yang mau parkir di lab ??",8
MAUUUU,0
Ngonten bareng ga sih,0
"ft tu bisa lewat mna si kak, aku dpt lokasi utbk di ft (lab mesin) soalnya??",0
lewat gerbang ft nya sendiri (gerbang paling utara uny) depan bangjo perempatan ft,0
tapi bangjo,1
[Sticker] rilllll,0
"Aamiin ya Allah, terimakasih kak??",1
la ngopo,0
alhamdulillah udh lulus,3
Good for u neng,0
jgn lupa skripsinya kak,0
kata gwe diem,0
bimbingan ga sih kack,0
Apa itu bimbingan… aku ga kenal??,0
banyak curanmor kak. kemarin aja fbsb ada yg motornya dicolong,1
iya benerr??,0
"???? bener˛,",0
"minus parkiran bludakkkk, ditambah skrng yg parkirannya dibangun pd pindah ft??",1
Ptbb jadi parkiran dadakannn??,1
kak tak parkir FT ya??,1
"ft tu bisa lewat mna si kak, aku dpt lokasi utbk di ft (lab mesin) soalnya??",0
lewat depan gerbang ft aja klo dpt lab mesin,0
"okei ka, makasii",0
"iya anjir?? ak kmrn ke uny buat survey, gila jalannya bingunginnn",3
ahahaha,0
sabar sabarr????,0
raiso wes panas ndadak muter” og kon sabar ????,0
"kebijakan aneh, unik, menggelitik",6
repot ah,8
"efisiensi bahan bakar gak berlaku,, soalnya suruh muter"" wkwk",9
"tertib kaga,tambah macett iya????",6
kurang bijak pak @rektor,9
"jujur nyusahin bgt kebijakan ini, mosok kudu puter balik sek to, urung dalan rektorat kui macettt???? ra efisiensi blasss",7
Ribet!,10
"gamau, tolong buka lagi gerbangnya ??",11
repottt kebanyakan perintahhhhhhhhhhhh,5
riweh banget??,8
makin anehhh aja,5
nyusahain bgt,1
satpamnya cuma rajin naik mobil golf????,5
Mau keluar ngeprint aja harus muterrrr,4
duhhh fmipa kl ke lab doang hrs muter keluar rektorat pdhl perpindahan jam cm 10 menit??????,1
untung udah lulus??,1
kyknya bakal makin kesasar ni,1
"asli dari fbsb mau ke plaza harus muter dulu, mana baliknya jg harus muter, mumettt ??",4
tour da uny,1
W editor,2
untung dah kelar?????,1
Ribet bgt busetttt,3
"susah, gamau berangkat kuliah",3
"Satu rute biasa aja mau lupa , apalagi di putar2 kyk gini , plis uny kembalikan jalur yang dulu??????",2
sumpah ini karena apasi dibikin gini,1
emg dasar kampusmu ituhhh,0
hmmm,0
"wkwk, buang buang waktuu yaa kak",0
kebijakan yang tidaks bijak,1
pindah wae,1
sabarr yaa eonni ????,0
"kampus atau gedung wakil rakyat sih? bikin aturannya sama sama menyusahkan, FREAK",3
Ga ada ya?,0
Nih contoh wajib kekiri semua dr rektorat pasti kesangkut dikiri ada parki buah dikanan antrian belok kanan sedangkan sy mau ke kiri arah gejayan,0
BIKIN TELAT,2
2??,0
rill,0
"iya lagi, mana parkiran pada penuh",0
GA LOGIKA,0
[Sticker] ,0
??????,1
????,1
Knp tutup ya gerbangnya? Drive ojol jadi bingung akulun bingung????,3
"Sumpah bingungi min, mending pake scan ktm mahasiswa dong, gak efektif dan efisien katanya efisiensi bahan bakar bbm jga?????? jumat wfh tapi jalur masuk dan keluar satu pintu samaa ajaa, jalan colombo jga macet parahhh ??",3
INI RUTE APAAN SIHHH??,1
when ya diterima uny,0
semoga bisa lebih baik lagi... ini membuat saya bingung..... dan telat masuk... lalu jalan jalan didalam kampus punnn ramee banget... mau nyebrang antar gedung banyak motor lewat....sarannya mending pakai sistem pendaftaran motor mahasiswa aja (kalau mau masuk parkiran udah otomatis kedeteksi) terus jadi bisa lebih terstruktur....,2
alhamdulillah ft aman sentosa,0
[Sticker] ,1
Jangan jujur” bgt dong kak,0
??,0
BIKIN MACET MIN,0
ribet,1
"baru aja lewat dan pada keluar ke barat, pada masuk dari timur. gak ada satpam babar blas",0
bikin telat kelas jir??,0
kocak.,0
gjls bkin muter”,0
katanya sih rektor tidak suka jalan kampus jadi jalan untuk umum kayak jalur pemotongan gitu,0
dah yok balik,0
ehh mas,0
repot jir,0
kaya masuk labirin,2
keren nih tim medianya,2
TERUSSS GIMANAAA INII KALAU MAU SURVEI UTBK TAPI MUTER˛,2
GARAI MUMET JUOHHHHHH,2
repot bgt,2
jujur ga banget,2
marai mumettt,2
ribet dikit jujur...,2
Rute kopma aneh bangett,1
tawaf,1
ribet ah bikin males kuliahh,1
mumet min??,1
pusing...,1
[Sticker] Ini biar ga ngerepotin satpamnya kah,3
peraturan ini semua terjadi karna uny efisiensi anggaran buat satpam btw ????,4
fungsi satpam apa njir,3
burem e video ne,3
ngrepoti hehe,1
"ih kocak, untung dah mau lulus",1
buang buang waktu??,2
kebijakan yang tidak bijak,4
balik kost 5 menit jadi 15 menit sendiri lawakkjk,3
"pls pls, masuk nya dr fakul masing' lg aja??",3
yang kost di karangmalang harus muter dulu,2
ribet,1
kampus ribet,2
apasih..,2
"kenapa keluar gerban aja harus ke kiri, jalan umum begitu??",3
gek ayo wani ora,0
"padahal banyak solusi lain, tapi malah bikin ruwet mhswne dewe",0
yang bener kak,0
bener,0
dey,0
pret,0
eh km yg parkir di rektorat kan ya pdhl kuliah di pmd ??,0
sabar jay,0
hoo po jay,0
selalu ada hikmah ya kak,0
duhh macet rush hour????????,0
kaya mau konvoi ke nikahan,3
FT mah enjoyy ajaa menn,2
jadi susah nyebrang di fbsb,2
te kuat gusti??,2
ngerii editor??,0
KOCAK????????,0
kesiann,0
IYAAA IHHH,0
fbsb mendadak jalan raya??,3
Naik ojol turunnya depan gerbang aja dripada muter jauhhhh??,2
alhamdulillah yang kampus gunungkidul ga disuruh lewat rektorat,2
"reaal, aku kalo mau jemput mama ku aja harus muter muter??",3
fmipa dari idb ke d03 aja berasa lewat jalan raya,2
yampunn semangat yaaahhhhh??,2
KWKWKWK mau terbang jg bisa,0
Bikin makin ribet sih,1
sing sabar ??????,0
HAHAHAHAHAHA MBAAA ????,0
Seruu euy jadi tau masi ada kehidupan lain ternyata di fakultas lain wkwkwk,1
ada gebrakan apa ini weh setelah lulus??,1
Kelasnya juga ditutup aja boleh ga?,2
tawaf gedung rektorat ta iki?,1
sebel bgt malah bikin macet,2
kopdar ta iki ??,0
Tawaf kak ini ??,1
fbsb tb tb jadi rame??,1
untung fakultas paling utara ??,1
"Aku bukan mahasiswa/alumni uny, hari ini tenis bingung mau parkir mana, ternyata harus masuk lewat rektorat dulu, pikirku oh mungkin uny lagi mau promosiin kampusnya ke orang luar ??",1
riil uny kocaggg,0
kak kalian lagi tawaf gitu ya konsepnya ??,1
kampus ra jelas,1
Fixs FT anak tiri ga diajak??,0
konvoi ta iki? ??,1
Kirab tah iki?,1
mau ke fip dari gejayan gabisa lewat fisip lagi pls??,1
"rektorat macet, parkir FT tambah ruwet",1
untung dah lulus??,1
td aja dh byk yg survei buat utbk ??,0
"MALESSSS BANGETTTT IH, BAYANGIN AJA UDAH MUAKKK",0
@run.a,1
,1
??????,0
kasian anak fmipa mau ke lab harus muter jauh??,1
pogung kah ini,1
ribet bngt dah,1
[Sticker] saya yang fisip??,1
membuat ribet sj ??,1
em jujur mau kasi big applause utk editornya ini keren bgt mf klo oot??,3
lebih pusing jalan uny daripada ugm??,1
arep kelas kudu tawaf sek,1
meh nek fip wae kudu thawaf sek??,1
Jujur agak rumit tapi okeylah gapapa,1
fbsb mah ngapain pusing,1
kalok yang berangkat jalur udara lewat nya mana ya.... ??,2
ribet bikin macet buatnya ga pake nalar??,1
kak ini boleh masuk smpe gedung nya atau cuma boleh di depan gedung fakultas?,1
ribet jirrr apa gk bikin macet kalau kayak gini?,2
jogging disini boleh kalii yaa,1
wkwk,2
masa selat hormuz ditutup efeknya sampe ke UNY?,1
@lyzzaf @??,2
@L,0
??,0
????,0
@_____moonandsun,0
??,0
sangat tidak humanis dan berbudaya??,0
depan ws jadi banyak bgt anomali pls????????,1
malah muter2 abisin bensin,0
lagi lucu lucu ne uny ki,0
FV ngga ikut rute ini wkwk,0
ini pov ketika bensin 1 liter buat kemana aja,0
ribet,0
mbuh mumet,0
bikin macet??,0
"ke feb muter"" jir??",0
kata gue terima gue dah,0
??????????,0
rute strava,1
when ya,0
koklunemugua,1
hai,0
dh susah tambah susah??,1
privilege FT ??,1
Makin aneh,1
day 1 nyasar ??,1
Alhamdulillah yg telat jdi tambah telat ??,1
ribet ah,2
Iki uny bos ora iso ngetut no UGM ora ono bunderane kocak,1
Kos an ge samirono masa kudu muter bjir??,1
Boros bensin pls jadi jauh banget muternyaaa,1
pak satpam muu lohh cuma duduk neduhh di pos satpamm,1
aneh,1
lah,1
aneh,0
OPO SIH NGGA SEPAKAT BANGET,0
yaaampun mbolak mbalik mbolak no nek ngene??,0
kalo ada yang sulit knp pilih yang mudahhhh ya kann,0
NGREPOTII,0
[Sticker] ,0
repot,0
"udah mah jalur keluar masuk kampus cuma satu pintu, masuk ke parkiran fakultas juga bikin bingung ????",0
[Sticker] ,0
wegah,0
piye piye kampus e piye kampus e kok koyo ngene ????,0
ruwet,0
saya mau kasih kuliah di FK UNY jadi telat karena macet dan susah cari parkiran,0
[Sticker] kaya konvoi,2
nii satpam yg ngasi tanda pusing juga sih ni??,1
ribet bgt emang,1
semangat kak??,1
????,0
izinn bang ?????,1
bangga jd anak fbsb????,1
klo harus muter rektorat dlu tu niatnya mau pamerin rektorat apa gmn kak?,1
untung udah lulus #izin dan untung di fbsb #izinnnn,0
kampus kocak,0
Kalo ke amikom lewat Fbsb bisa kak? Mau ikut touring juga,0
heee iyaa ????,0
plis masa mobil mau ke fisipol juga dilewatin ke jalan seuprit samping kantin univ ????,0
FT losssss,0
pindah ugm aja kak,0
ft bagian nyimakk wkwkwk,0
Penak jaman dulu ????,0
biar depan rektorat rame kayak bunderan UGM kali ya,0
iring˛an nganten,0
malah convoy??,0
masuk fbsb aja kak,0
budal acara cb ta iki,0
makro gw terasah disini,0
gokil bgt skrg kampus ku dulu,0
"woy aku kemarin survey tempat di UNY lab MP, mahasiswa sana pada enggak tau??",0
yg parkir di plaza ??,0
Touring kah ini? Apa konvoi??????,0
bersyukur masuk ft,0
satu org=satu motor satu mobil...apa gk penuh parkiran??,0
untung gw udh luluss #izin????,0
"ini besok kalau pakau gojek boleh gaksih, gw gak bawa motor ??",0
univ stres (yeahhh akulah alumnus univ itu)??,0
[Sticker] Bayangkan depan DIGILIB macet dan kamu harus ngejar turnitin karena tinggal 2 hari lagi tutup buat Yudisium ??????,0
bikin macet??,0
Untung dah lulus,1
repot banget buat fmipa yuyur ?????? muternya jauh banget busettt,1
klean aj yg ngmng. males ah,1
[Sticker] ribet ih,1
ribet,1
fbsb nyantai,1
Welcome to labirin ??,1
"fbsb enak kak, kompleks sendiri ????",1
"jadi kangen uny,pas outing class??????",1
muter muter bgt bujeettt,0
ft gk diajak,0
ke kopma bawa mobil kek mana tu lewwatnya,0
[Sticker] MK mhsiswa abis slesai kelas,0
FEB wis koyo JOGSOL ??,0
Selak telat ikih nak Fik ??,0
ribet,0
pak satpam harus standby bantu nyebrangin sihh,0
semua aj semua tutup anjay ??,0
yang buat rute baru ngira kampus uny seluas ugm,0
Kebijakan paling ra mutu selama kuliah ng uny,0
satpam e kon kerjo ra kur nyawang wong nyabrang kangelan??,2
satpam loh nopo,1
satpame fungsine opo gokkkk,1
rute terribet,1
"[Sticker] RIBETT, jdi cebel deh",1
ha kalo keluar mau kearah sagan opo yo lewat laksda adisucipto ndisik blokk,1
Rewelllll,0
satpam gah kerjo huuu bgt,0
gaje bgt gak si…,0
RIBETT BGT ??,0
"benar"" buang"" waktu",0
YANG BENER AJAAAA,0
Kerennn videony,1
RIBET RIBETTTT,1
repotttttt,1
garai mumet??,1
"Ribet lek tenan, muspro",1
iki ws ribet ditambah kekurangan lahan parkir??,1
riweuh,1
#alumni ternganga,1
busett,0
"gedung feb masuk ny lewat mana dah, ditutup kmrin pagar nya??
nanya security juga jawabannya ga enak",0
"anaku jg bilang ribet, muter2, mumet, g efektif",0
ruwet bgt heran,1
blh mas,0
meh ngejak jogging tukang parkir e ndek kae,0
tuluuung dalan tembusan fmipa ng feb suempit caah????,1
Bikin macet jujur,1
"rektorat macet, urung war parkiran ke ruwetttttttt??",1
apalah aku kelas jam 7.30 itu udh berasa sirkuit orang pada ngebut-ngebut banget heran????,1
disuruh menghapal bagian kampus inimah??,0
ft ngecor jalan sendiri??,1
keknya tu biar kaya kmpus sebelah cmn kan kmpus sebelah jalannya enak luas g sempit ??,0
dunia harus tau gedung rektorat??,0
FV nyimak????,0
buset busettt,0
tour berjamaah wkwkw kocak,0
gur arep survey we di gawe mumet kak...,0
"hadehh unyeahh, onok onok wae",0
"anakku besok UTBK di FIKK kak, bisa lgsg dr jln colombo kan ya?",0
digiring oleh regulasi????????,0
"aaenjaaay touring, bar kui kopdar felix rasido kelas",0
kalo dateng dri timur harus muter barat kmn lagi????,0
aneh men gak oleh nyebrang ????,0
ribetttttttt,0
mah ngopo to iki ruwet ????,0
ya siapa yang ga marahhhhh?????,0
"yg awalnya ga terlalu macet, skrg macet semua. ngabisin bensin. buang buang waktu. udah parkir susah. mau masuk kelas jg dipersusah??",0
"kalo rumahnya dari timur, berangkatnya harus muter dulu? atau kalo ada yg rumahnya di barat, pulangnya muter dulu??? wkwkwk ????",0
bayar ukt mahal tapi masuk kampus aja disuruh muter muter,0
"haha udah kebijakan ngaco, tambah ngaco lagi",0
satpam anjir satpam enggak ada yang nyebrangin,0
awowkwowwkw satpam model opo ragelem nyebrangke,0
"gausah ngikutin gini ges, sesuai dari arah rumah masing2 aja ??",0
ringroad uny,0
"minnnnnnnnn, buka gebang samping plazaaaaaa. Masa aku pulang kerja drinplaz harus lewat UNY terus makin jauh",0
rybet,0
Kemarin gak jadi ke kopma karena gerbang ditutup…wkwk,0
biar apa ya? jujurrr bertanya˛,0
"Eh sejak kapan uny harus masuk gedung rektorat, rutenya begini??????",0
"gaada yg nyebrangin jir didepan rektorat, jadi macet sumpah",0
Rektorat : “welcome sobattt”????????,0
"dek ...sy aja yg cuma antar SSB aja bingung udah dikirim video petunjuk jalan..lagi mau percobaan nanti ke stadion UNY??
Minggu nanti ke terpadu...hahhaha",0
Mau tenis aja harus lewat rektorat,0
untung di FT,0
Kampus wates nyimak dulu wkwk,0
malah rame2 kompak,0
touring,0
"baru bawa motor ke kampus awal semester 6, dah langsung dikasih suprise beginian??????",0
tuoringg dulu ga sih??,0
berangkat pulang lab aja berasa faculty tour FIK FBS????,0
kangenn,0
ribet,0
ribet,0
ngribeti,0
RIBET,0
sumpah ribet dan ANNOYING poll.,0
mobil juga bisa lewat tengah situ?,0
Fmipa ga mungkin suruh muter muter kannn?!,0
ribet sumpah lah jalan uny??,0
ribet??????,0
pace berapa ini enaknya,0
bjirrr sampe gerbang kopma punn aduh muter gak jelas ini,0
gini banget?,0
satpamnya bantuin buat nyebranginlah plis??,0
kocakkkkkkkk,0
ribet,0
duh ngribetin????,0
riweh ah,0
"bodo amat ttp masuk dari arah affandi, ngabisin bensin anjir, nyuruh online hari jumat tapi ngabisin bensin buat muter muter kampus doang",0
rutenya repot,0
duh nyasar inimah,2
,0
ribet banget min jir lah jauh banget muternya mana di fisip,1
"kalo pmd feb gimana kakkk, bingung ini besok lokasi buat utbk nyaa ??",1
apa itu jalan pintas ??,1
"emoh ah, lu nolak gw",1
Tidak berlaku di FT wkwk,0
feb pmd kakk,0
aku mau ngerasain tour kampus UNY itu juga...in another life ??,0
"untung udah lulus 2013, masih lumayan bebas lewat mana saja ??",0
gapapa gua tiap hari campus tour asal di UNY ????,0
ra efisien blas,0
"duh repott,udh plg bnr buka lg smua akses",0
FUNGSINE OPO?? RIBET!,0
vokasi nyimak..,0
ribet e?? ha nek meh balik ngulon mosok ndadak lewat Demangan?,0
ruwet,0
[Sticker] satpam e wingi ngopi cantik neng pos,0
MOOOHHH RUWEEETTTT,1
UNY (Universitas Ngerepoti Yogyakarta),0
Lah gimana sih ?? trus suruh muter balik dulu?,0
#Mlakuwae,0
Ribeetttt,1
mumet,1
ft bilek ?????????????????????,0
mahasigma yang jalan dari kost bilek : santai dulu gak sih??,0
"untung temen2 uny ku udh lulus, jd aku sbg warga non uny ga bingung kalo datengin sidang????",0
gua yg intropet cukup tersiksa,0
ndak apa to semua juga demi kebaikan kok,0
"aku FMIPA, lewat Gang guru tp g ngeh klo tutup, Kaget td pas siang tbtb rame bgt kyk gerbang tol gang mipa nya ??",0
konyol,0
Untung udah wisuda ya allah ??,0
sbg anak gedung ika kaget bgt jalan depan fk jadi rame??,0
FT nyimak mawon??,0
jalan kaki ajaaaaaaa,0
kaliaaan harus menyapa pak rektor duluuu ya adek2.... ?? mau diabsen duluuu ??,0
btw dipalang kenapa guys? gua bukan anak uny soalnya jadi kaga tau,0
KAN GW BLG JG APA BIKIN MACET KOCAK,0
ini mah uny jadi macet,0
pusing bgt untung dah lulus,0
nggarai telat byuh,0
setelah itu otw parkir bayar wkwkwk,0
give me a reason why kebijakan ini harus dilaksanakan urgensinya apa min?,0
mumet pak/buk,0
hdh,0
ruwet e ??,0
"jirr coy, yang fip pd lewat mana dah klo gaboleh lurus ??",0
kenapa sih ??,0
"ga suka, pas siang satpamnya gaada yg nyebrangin",0
ohh jdi gini skrg rutenya,0
halah bikin badmood klo dh kena macet + muter2 jalan di tutup + telat,0
ribet,0
menghabiskan byk waktuu mana hrs nyari space kosong buat naro motornyaaa,0
program gaje,0
JANGAN GINI PAK MUTER2??,0
FASILITAS PARKIR MU LOH,0
ribet amat anjay tung dah lulus,0
ihh egk suka,0
MUMET,0
aturen dewe cah,0
"A1 nyasar, untung wis sido lulus, untung fbs",0
[Sticker] RIBET.,0
ga ngasih solusi malah bikin masalah baru,0
untung udah lulus wkwk,0
Fomo kek ugm kah ini,0
ruwettt,0
atur seribet mungkin min,0
RIBETTT,0
"healah, tak mlaku wae teko jakal sampe uny min?? kok makin ribet",0
gk bljr supply chain y,0
biar apasi?,0
"HAHAHAHAHAHAH NGAKAK BANGET SI TIAP PAGI, rektorat jadi rame banget kaya ringroad",0
lucu banget neh,0
"KENAPA WOY??
aku dah lulus inii",0
waduh mana mau otw??,0
[Sticker] ft be like:,0
kok mirip boulevard ??,0
alhamdullilah aku fbsb,0
udah gajelas ribet pula aneh,0
Ft jalur fastrack,0
"Harusnya kalo emang buat nambah pemasukan mending tiap fakultas dikasi portal dan parkir berbayar, orang orang umum yg gunain fasilitas uny mau bayar asal ga ribet, udah ribet bayar lagi yg ada makin sepi, penerapan jalan searah tuh berdampak ke fasilitas umum kayak kolam renang dan stadion",0
ha njuk muter ng ndi bro,0
"satu kata
GWS",0
konyol bet,0
"fikk yg seharusnya tinggal menyebrang mlah dipaksa lewat fbsb, mana bikin boros bahan bakar lagi",0
"@Aaaaaaaaaaaaa:Kalo rumahnya ke arah barat, terus harus ke timur dulu? Aneh! Kebijakan yg tidak bijak.",0
untung banget aku Udah lulus ??. ga perlu ngerasain rute aneh itu,0
keliatan banget gamau nyebrangin ????gunanya satpam ap sii??,33
"jyujyur ribet, keluar dari gerbang masa harus muter affandi dulu pdhl kos di samirono ??",0
NGREPOTI!,1
Ngrepoti,2
feb juga jadi rame bangetttttt sliwar sliwer wong lewat,0
ribet,0
yok mainin makro nya,0
ngruweti wae ??,0
makin ribet,0
rute mu marai mumet tenan,0
"big no, boros BBM",0
ojol jadi ikut muter muter kalau nganter makanan,0
mboh wes mangkat kuliah we kon towaf disik muteri rektorat,0
fip masuknya piye ??,0
ribet min,0
pusing ah,0
F1 ta iki ? ??,0
mumet aku,0
Repott,0
"jalan banyak kok malah dibuat ribettt, aneeeh",0
ribet,0
ada g siii satpam yg ramah2....??????,0
lah sekarang namanya FBSB yak... dulu FBS doang... FBS MOVE ON!,0
untung jamanku engga wkwkw??,0
ada aj gebrakannya uny????,0
biar apa ya..,0
ini luci bgt astaga??,0
YA ALLAH UNY MACETTT,0
repot bgt skrg dah ??,0
wkwkwk,0
parkir woy amburadul gitu jadinya,0
[Sticker] fikk diblokir dalanne kon mebur po yo?,2
Fisip Kelas 07.30,0
KAYA ANAK SD ROMBONGAN GT BERANGKATNYA??,3
benci bgt??,3
????????aneh,0
"ada aja gebrakan nya UNY, tapi bukan ke arah positif",0
lah???,0
Katanya efisiensi bbm??????,0
apalah ??,0
apalah uny ini,0
kocakya ngocak,0
RUWET!,0
satpam e minimal bantu nyebrang sih??????,0
DUH WKWK,0
"bodoamat jir, yakali muter",0
bensin naik kak hargane ??,0
etdah bujug timbang repot rute mending benerin dulu dah satpam2 nya kata gua,0
lah satpamnya mana?? knp malah ngelarang dari arah affandi dah?? gak jelas bgt,0
gok gok,0
ini kalo keluar harus bgt aambil kiri ga boleh nyebrang??,0
ruwet,0
Ruwet ruwet,0
ribet bgt,0
"kasian yg anak kuliah yg biasa jln kaki sampai dari kost, harus muter??",0
#RUWET,0
untung dh luluss??,0
"makin aneh peraturannya, mending satpamnya kerja, mahasiswa disuruh muter” anehh banget ga boleh masuk dari jl afandi, kocakkkk kocak, efisiensi satpam? (mending optimalisasi kinerjanya), di bikin ribet (yg ada mahasiswa ngejer waktu bisr ga telat malah bikin bahaya), habisin bensin bgt lg, jujur merugikan mahasiswa ya",5
solusi malas yang berkedok ketertiban…,5
tunggu aku y uny jgn nolak' lagi??,5
"jalan perempatan samirono ke kiri gak bisa apa? kan gak perlu muter rektorat, lgs belok di selatan masjid",0
otw parkir berbayar wkwkwk,0
ribet bat skrng. kalo kuliahnya jam 7 mending abis subuh langsung otw,0
ga masuk akal bgt,0
sepakat,0
Jaga pos kak??,0
????????,0
alhamdukillah fah lulus????,0
tawaf semua tawaf????,0
Jurusan furab juga lewat situ?,0
ft bagian nyimak aja yah,0
ruwet??,0
kalau masuk pagi udah kek touring??,0
"dulu telat, langsung parkir foodcourt atau fip yg dkt sama mipa.. biar keburu jamnya...",0
RIBET BANGET AHH SEBEL,0
FIK nyimak??,0
marai mumet juh,0
touring ta,0
aku iso ngelu dewe,1
"minimal eneng sk nyebrangne ora gur gawe peraturan tok tpi ra eneng solusi, isone gur nyeneni mahasiswane nek eneng sk salah jalur, tpi yo ngelos nk kene",4
"RIBETT, NGERIBETI",4
"ya kalo arah rumahnya ga lewat jl affandi gmn kocak,yakali muter. sini tambahin uang bensin lawak ni",2
"kampus atau gedung wakil rakyat sih? bikin aturannya sama sama menyusahkan, FREAK",2
LHA SEK OMAH É SEKO WÉTAN MUBENG˛ SEK PO PIE?,2
Tutupen kabeh mawon pak tak gawe dalan dewe ??,2
Masuk UNY = Masuk labirin,2
kenapa emg klo masuk dari arah timur? satpamnya gamau nyebrangin kah?,3
ANEH BIN AJAIB,1
"?? di mana-mana tu kebijakan dibuat untuk mengatur hal yang bisa diatur, kalo orang masuk mau dari mana mah mana bisa bos ??",1
hihh ruwettt??,2
[Sticker] gegara ini aku yg biasanya fulltank buat seminggu cukup jadi gacukup??,1
alai,0
Minimal satpam kerja,0
"apa daya kl alumni yg dah lama ga kesitu, bisa2 nyasar salah jalur",0
"kampus elek peraturan ruwet, satpam gaweane gur lingguh dolanan HP????",0
RIBET BGTTTT NANTI KECELAKAANNYA PINDAH DI LAMPU MERAH POINT CKCKCKCKKCKC,0
satpam e cosplay dadi dpr po pie iku,0
"KEBIJAKAN GA JELAS!! KALAU INI JADINYA MOROTIN UANG BENSIN MAHASISWA, HARUS MUTER MUTER",0
bikin kebijakan kaya gini bikin satpamnya makan gaji buta,0
"[Sticker] bener-bener deh, udah berangkat dari utara kalo masuk harus ke gerbang rektorat yang mana ke selatan dulu abis itu ke arah fisip yang BALIK LAGI KE UTARA terus pulangnya harus ke SELATAN LAGI dan pulang lewat jl gejayan yang ke UTARA lagiiiiii, kek orang bingung ga efektif blasss",0
"gajelas anjir, tutup semua aja gerbangnya ntar mahasigmanya suruh naik helikopter aja",0
"1. Bikin Macet sudah pasti tidak efektif
2. Rawan Laka
3. Nyusahin Mahasiswa
Kalaupun emang mau ningkatin keamanan, berlakukan KTM Digital/ Non Digital / STNK, masuk kluar area parkir wajib nunjukin KTM/ STNK, berlakuin Bapak"" Ganteng yg jaga parkir buat meriksa KTM/ STNK, g bawa KTM/ STNK gak boleh masuk/ kluar.",0
nyusahin dan ribet,0
"awkwkwkwwkkwwkkwkwwkwkw kok peraturan e gini dah? untung ga keterima kemarennnnn ??, klo jd mahasiswanya aku udh marah bgt si ??",0
[Sticker] nyrimpeti,0
pusinggg min,0
[Sticker] ruweeett,0
repot ih (ak bukan mahasiswanya sih),0
"saingan sama pogung ya, bikin nyasar????",0
emg ga ada solusi lain apa jir,0
min yang buat pejalan kaki di fip tolong dibuka muternya jauh amat harus ke depan plaza dulu baru bisa,0
ribet,0
ribet ny,0
ribetttttttt,0
[Sticker] fbsb :,0
ribetttt,0
auk ah,0
RUWET,0
pliss,0
oke otw,0
"ribett, terima aku dulu??",0
gjls,1
itu satpam yang gerbang ga ada kah yang bertugas nyebrangin?? suka bikin macet padahal kalo ada yang mau nyebrang tapi ga dapt dapet dari pada cuma nongkrong di pos padahal keluar masuk aja ga ada cek cek ktm atau ticketing kaya di ugm ??????,1
ih iya lewat colombo chaos banget,0
gunanya satpam apa sih? minum nongkrong di pos doang smbil lihatin semisalnya ada yg kecelakaan dan kesusahan NYEBRANG gt?,0
Tour de Campus ????,0
konvoi ta iki,0
ramein ft dongg,0
masih bisa parkir di masmuja ga ya?,0
pusing,0
uny tolong bgt dong ga cukup kah akses dr luar ditutup semua trus malah ditambah bikin sistem satu arah di dalem kampus tuh buat apa??????????,0
Nambah ribet,0
yg fikk dari fbsb gimana min,0
"Lama ga kekampus, dgn pedenya mau belok gerbang samping FIP ??",0
INI PARKIRAN FT BAGIAN SELATAN PENUHH WOYYYYYYY. Mbok nek ngerti lahan e kecil ki parkiran e diperluas sik.,0
#NAME?,0
warga FT ra ngaruh ??,2
benci ??,3
"jd rame gini jd males kuliah, libur aja libur????",7
"tadi mau keluar dari fmipa rute nya udah beda lagi ???? diputerin lewat fikk sm fbsb, berasa mau demo",2
"anak 25mau jadi kating, tapi belum siap ditanya-tanyain anak 26??",1
[Sticker] fv bimlek:,1
Muternya tuh muter bgt??,1
rombongan njirr kyk mo tawaf??,1
[Sticker] ft bilek,0
habis ini diterapkan parkir bagi non mahasiswa??,0
[Sticker] kampus aneh,0
baru jalan 3 hari udah ada yang kecelakaan gegara ini,0
Jan hess.. mumet,0
Ada yang mau iseng hitung jejak karbon dari kebijakan baru di kampus tersebut???,0
meh ng fisip kudu mblusuk˛ fmipa ro feb sek??,0
bisa diaspal gak itu ya,0
gak masuk akal sumpah yg bikin aturan kaya DPR aja anjir ngawur tenann asli,0
"mana sekarang lagi banyak kunjungan anak SMA, takut nabrak mereka pas lagi keliling????",0
wkwk udah kek antrian takjil ??,0
"aku alumni 2021 , ini kalau mau jajan ke kantin FMIPA atau ke plaza lewat mana dan parkir dimana ? berarti dah gak boleh solat di mas Muja?",0
@gita @panii touring ta,0
@blublubub???? ft chilll??,0
@awfee ??? kya nya kita yg berangkat mepet ini akan ketinggalan matkul setengah jam terus fah klo kuliahnya sekarang????,0
ada gebrakan baru apa ini alumni @youngster? @@minifairyyyy @@pinkjellyfish,1
@tata,0
antrean pulang dari mall,1
hanya FT yg tdk terpengaruh?? @Uncrush Universe,1
@?,0
@icaevita one day,0
@pecinta sate ayam lucu bgtt,0
@??????????,0
@funi smgt,0
Bukan Uny kalo ga ribet??,0
ft be like:????,0
kampuss po labirin ta??,0
pehhh malih rouwet,1
[Sticker] ruwet yo mas,0
harus bangun pagi ini kak spy gk kena macet ??,0
HARUSS TAWAFF DULUUUU!!!,0
"ugm udah buka berbagai alternatif jalur biar ga macet, ini uny malah dibikin 1 jalur??
untung saya udh luluss",0
gang sempit,2
aneh banget bgsttttt,0
berarti muter dong kalau dari arah jl Afandi?? kirain bakal ada satpam buat bantu nyebrangin seperti kampus depan fip? ternyata diminta tour campus atau habisin bensin mahasiswa??,0
dadi wong kok ruwet to,0
warga Karangmalang lebih baik jalan kaki naik motor muter nya jauh kali ??,0
nik omah e ng wetan pie? wagu tenan,0
nyusahin,0
sek tenan wae,0
@d @acayy?? @chappyy @lanyousea pie tanggapane,2
yey tawaf,3
@mieayamgoreng @Relasilite @Tera @??????????. @Calvin Firmansyah @uzumasarrr @guaejaa @Ikhsnz  pie Ki ??,1
@saya imoet cb bersuara,0
@Adelia Yuniar?? @juiii @novitaa?? yo opo iki sih,0
@yain @iya emang lila @ndaaaa @•?• @alyn*.? jirlah,0
@d @reny repottttt,0
@pinkiesluv alamak,0
tambah mumet ??,1
@Obake syp tau mau tau,0
??????????,1
@d aneh,1
meh dadi bunderan ugm po iki? @nala,0
@owllsy geleng geleng rek??,0
????????,0
@capi tadi pagi aku di sebrangin pak polisi ????,0
"[Sticker] buka gerbang timur fip, buat uda telat makin telat ini",1
"He, rungokke yo tulung iki simaken. Sek mlaku wes angel nyabrange mergo motor teko koyok grudukan sak arah karo cah-cah, sek motoran akehe sakmono wi diakon lewat dalan cilike ra eram, piye do ora tibo horo????? Ra cetho blas i",0
ngentongke bensin ae,0
"raceto, marai macet. satpam e do bosok",0
Ngabisin bensin hahah,0
FREAKK!! Anti kritik!!,0
"g boleh masuk dari timur & g blh keluar arah barat. trs muternya hrs dimanaaa, macett ribett masyaallahh",0
kampus aneh,0
"orang masuknya ribet banget gini ga boleh marah2 gimana? bilang aja satpamnya males kan nyebrangin, entar ada kecelakaan lagi kek kemarin. ribet banget sih uny sekarang",0
@UNY Yogyakarta buatin dari gate 3 ke parkir feb dong minn,0
kuliah di gor aja harus lewat fbsb??,0
WKWKWKWKWKWK uny mumettt ??????,0
bener2 muterin kampus,0
[Sticker] FT: santai dulu gak sii,0
"Katanya mingdep rute nya kembali normal kek awal, semoga aja??",0
ruwet,0
pertama kali dalam sejarah rektorat macet ????,0
wkwkwkwk,0
hauuuuu,0
Mana kudu towaf??,0
ada ada saja kampus backburner ini,0
"yang ayem tentrem tu cuma ft ya, berasa kampus sendiri dibelakang",0
malah kaya kopdar kak,0
hbis konvoi ya kak??,0
????????,1
aminn,0
pusinggg,0
[Sticker] pov FT,0
"besok aku buka 1 day trip uny, minat ra nis???",0
??,0
ganti jalur????????,0
memang unik harus muter dulu,0
????,1
emang biasanya gimana izz,1
langsung belok di deket fmipa,1
mksh...,0
hahahaha??,0
Nangis bgt??,0
alhamdulillah udah lulus qor jadi gak telat terus,0
Alhamdulillah bgt wan??,0
Kampus tour??,0
boros bensin jdinya plss ??????,0
rame bgt gerombolan??,0
Fv bilek : plong bgt ni jalan ke fv gk @celi ? ?? ?? .?  @Giva,0
@salsamazhr,0
@zyra.ss touring sek,1
@lkrpgsti,0
jalan fmipa serasa jalan raya @? N @lele dangdutan,1
lucu bgtt kek konvoi?? @apayaaa_,0
??????,1
wkwk rkuat kepsyen e @??,0
??????,0
@Sahrul,0
@l0owie ?? @digoyang diemut,0
bisane jd ky gini sih sekarang? ??????@felll,0
kok dadi tawaf ngeneki pie bos? @unyofficial,0
@????Anton’s tacos apakah benar,0
vibesnya kayak lagi mau ikut demo?? @gulali ?? yaah..wkwk,0
??????,0
"ga abis pikir ditutup semua jalanyaa, cape muterin kampus",0
yey palalo,3
[Sticker] ,3
ngentekke bensin,3
ruwet,2
BENCI BGT,3
"Kabeh"" ditutup ki sah mangkat sisan",2
wkwkwkkwkw,0
@Devrtz,0
opoi mibur wae ??,0
raceto,0
Tutupen kabeh mawon pak tak gawe dalan dewe ??,0
ya begitulah kira kira ??,0
ruwet,0
Gawe FLY OVER waee??,1
sbr y kk??,0
GMW,0
proud to be anak fbsb,0
bayangin serame apa beso senin??,0
I miss UNY,0
Bikin dari gerbang FBSB dong min ??,0
ribet,0
bisa lebih pelan bang.. mumet ngikutinya.. ??,0
spill parkir bus & truk Damkarnya UNY di sebelah mana kak?,0
"poll repotttt, ribettt kakean enggokkan",0
AAMIIN YA ALLAH KETERIMA,0
RIBETT,0
jalan kaki ajaaaa paling bener,0
setiap hari selalu bersuara ketika lewat rektorat,0
[Sticker] ,0
fbsb tersenyum ??,0
"beneran ribet bgt, kmna"" jdi susah.",0
[Sticker] anak ft :,0
kurang cepet videone min ??,0
ngel ngeli,3
[Sticker] fbsb dan ft bilek,21
"Jalur dipersulit, fasilitas dibuat seadanya, cctv rusak, tapi soal bangun gedung baru paling semangat??",6
pogung kalo jadi kampus be like,5
wagu,3
benci ??,2
uny gjls sumpah,1
"ditengah gempuran BBM langka, UNY tetap memilih kebijakan ini ??",1
sebenernya gapapa kalo yg depan rektorat itu wajib ambil kiri tp gerbang gerbang yg lain jgn ditutup dong bkin makin jauh????,1
"RIBETT, yang dari fbsb harus muter",1
ga jelas,0
FT lewat pintu sendiri aja,0
waduh malah muter2 yaa. ga bisa masuk dr segala penjuru kayak dlu lagi dong. sbg alumni jadi pusyingggg kesasar dkampus sendiri ????,0
BENCIIIIIIII JADI MALES KE KAMPUS,0
minimal nek okeh kemalingan ki ora nggawe jalur anyar tapi perbanyak satpam dan keamanan cctv,0
"ini mah ga hemat energi, UNY pemborosan energi.. ga pada demo apa ??",0
RIBET BIKIN MACETT PUSING MANA FIKK SEKARANG IKUT IKUTAN GERBANG TIMUR DITUTUPP DISURUH LEWAT FBSB,0
[Sticker] [Stiker] fv wates nyimak,0
"kalo kepentingan kampus gapapa.
yang pengunjung dan tenant plaza uny notabene masyarakat umum jadi ribet yang harusnya nempel jalan raya gajayan harus muter ??????????",0
nyusahin,0
"ribeeetttttttt, bikin macet lampu merah tau ga, mana satpamnya ga nyebrangin aneh????????????????????????????????????????????????",0
ngabisin bensin,0
meanwhile fbsb bisa langsung masuk dari blkng ??,0
oposihhhhhh uny kiii,0
bet ribet,0
[Sticker] ,0
????,0
????????,0
@en MUNYUKKKKKKK??,0
trs klo yg dari amplaz hrus muter dulu? ribet yah,0
"saran aku, gausah pake satpam aja pak rektor, dari pd bikin kebijakan kek gini, mayan tuh efisiensi anggaran xixi",0
atur seplenger mungkin,0
rewel,0
nek ngampet ngising pie i??,0
bener lagii??,0
tidak friendly pejalan kaki cak,1
"saran, bikinin tol",1
[Sticker] warga fip yang dari selatan,0
"mau ke kolam renang aja gabisa langsung skarang, diarahkan kesitu. Muter2 tersesat??",0
"Sumpah lucu bgt, anak wates can’t relate WKWK",0
"bjir rektorat muter ke Utara bisa touring, sekalian pol mentok tembus tikungan Karangmalang.",0
kaya bubaran pabrik,0
fbsb jd rame bgt anjirr digerudug konvoi fikk????,0
@alpukatkocok untung menghilang dulu ??,0
wkwkwkwkk untung FT ng mburi iso lewat ugm??,1
[Sticker] macet moasssssssss,1
,0
mabur oleh ga min?,0
"fbsb ndue dalan dewe, santaii ????",0
fv gk bilek: ni yg ke kampus gue doang apa begimana si? ko sepi amat,0
WKAKAKAKAKA,0
fbsb katut mubeng mubengg rakaruan,0
biar kita bisa melihat wajah pak s setiap hari di depan rektor kak.,0
[Sticker] ,0
aku lewat fmipa??????,0
males bet bjir harus muter muter ??,0
fbsb yg belakang juga ditutup sekarang,1
@gea @emiamilyy @erin????? ? ?? untung fbsb,0
@p,0
cctv nya kurang banyak @Nayii @? ? ? ? ? ? ? ? @sasaaaa,0
@Sava @vyxxxaa_ @kim's,0
@ray @abil here’s untung rasido ng uny,0
@hasnaaa jalan jalan na,0
@_____moonandsun,0
@cicaa.jpg,0
@COKLAT??,0
@naiii,0
??,0
@Figoo,0
@8912 pusing keluar pusing masuk,0
?,1
"NOSTALGIA ALMAMATER
Saya alumni :
S1 FPIPS IKIP YOGYAKARTA 1990, meskipun sudah lulus 36 tahun yang lalu, saya masih ingat betul setiap sudut kampus Karangmalang ini meskipun sudah berubah menjadi UNY.
Saat saya lulus Sarjana di 1990 yang menandatangani Ijasah Sarjana & Akta IV saya adalah sbb:
REKTOR, beliau Bapak :
Prof. Arma Abdoellah, M.Sc
Dekan FPIPS, beliau Bapak :
Prof. Dr. Saidihardjo, M.Pd
Dekan FIP, beliau Bapak :
Dr. Achmad Badawi
SALAM KANGEN UNTUK ALMAMATERKU Kampus Karangmalang.",0
@Pal,0
????,1
johhhh konvoi silat tah yoopo jane iki?? @??,1
@?? @nkrrzhaa @miaww. @?? @COER @rizkaa @???niss,2
oh ini @?•?•?,0
@naylongg°~,0
@zahhraa suk muter2 uny,0
ribet.,0
dari karangmalang ke fip harus muter dulu ??,0
"bintang 1, ribet parah",0
untung GK ku di pojok,0
ijolan kene,0
gerbang ungu menyala,0
iya kasian…,0
ayoo besokk yaa,0
busett,0
ruwet jir,0
ribet dah,0
Akhirnya aku lebi milih parkir di deket rektorat trs jalan kaki?? jujur pusinkkk,0
ribet woiiii,0
ni pusing ningalina ge,0
ribet banget edan,0
GASUKAAA??????,0
anjirr pusing banget liatnya??,0
yang jalan kaki muter ga plissss,0
[Sticker] ft aman nyaman,0
ribet,0
ribet anjir ribettt,0
kos di karmal mau ke feb aja kudu muter2 dulu sekarang ????,0
kalo jalan ga perlu muter muter gitu kan??,0
bismillah pas survei engga kesasar ??,0
paan si kocak,0
in another life,0
ga efisien bgt min,0
bikin 10.000 cctv gwe ikhlas,0
??,0
GAK MAUU??????,0
iyaahh,0
ruwet koyo pogung,0
dalan sempit cilik mekso oneway??,2
BENCI ??,2
nyusahin,1
rep parkir po konvoi i nek bareng',0
"ribet ruwet, nk ono motor ilang sh diganti ki sdm e cb kro sistem penjagaan e",1
Ngabisin bensin??,0
[Sticker] Fmipa kalo pulang bilek,0
untuk kolam renang plis lahhh jgn dibikin rute ribet ky gini jg. yg mau pake fasilitas kan ga mahasiswa aja.,0
g guna,0
kampus aneh.,0
nyusahin,0
"koe tak takoni ngopo aku mok tolak peng 3 taun wingi,opo alesan e??",0
Tulung fisip pinggir dalan lo ??,0
thawaf uny bjir,0
apakah karena ada insiden kemalingan kemarin makannya semua akses belakang ditutup ?,0
Nyusahin,0
kyo ngubengi mekah??,0
"aowkaowk haiyo, untung FT le rekayasa mung mergo ono pembangunan parkiran",0
"@?? untung dh wisuda, bayangin dari Mrican harus ke Gejayan buat ke plaza, macet bgttttttt",0
@Elssss belakang D03 sesepi itu skrg jd jalur utama. portal e dibuka gess sampai FE ??,0
@lindyyregita @racelldump4 @?? @neLL @jeann @lalaa?? @?? hapalkan,0
@ehmanusya nek ngene parkire mbiyen koe telat mben dino,0
@matchadepanmu ben ra kesasar,0
@—Zoroark` @eisy7? @6,0
la po koe i meh mubeng-mubeng ng kampus neh bar?,0
ora??,0
padahal dulu kyk singup bgt izin????,0
mungkin ini salah satu cara biar ga singup dan tentu bisa lebih mudah membablaskan diri sampai fakultas sebelah ????,0
Bisa bersilaturrahmi lebih mudah??,0
bkim pusing bjir,0
"hayoyo, udah kaya perumahan",0
"pusing ah, mending turu",0
bener lagii,0
"muter muter boz, mending mlaku",0
,1
??????,0
FT be like,0
aku nek wingi bali dewe nyasar @arifa,0
kei bangjo ae ben antri urut,0
Kok jadi rame gini lewat depan yaa ??,0
ga suka.,0
pindah UAD aja deh,0
wkwkwkwkw,0
@nadiaaja biasnaya 5 menit sampe ini jadi 10 menit ++ ?????,0
touring kah ini,0
ruwet jir,0
"makannya ada efisiensi bahan bakar, abis di labirin uny",1
minimal sepedah ??,0
udah ruwet makin ruwet,0
study tour,0
macet banget buzet,0
hahaha puntenn,0
nggeh mas siap ?? dalan e di pek Dewe ??,0
